Keyword,Word Count
a i generated images of jannah,6
a i generated kids pictures,5
a-i generator reviews,3
ai acronym generator,3
ai anime art style generator,5
ai anime art style.suggestions,4
ai answer generator like chatgpt,5
ai apply art style to image,6
ai art arcane style,4
ai art art style,4
ai art comic book style,5
ai art consistent style,4
ai art different styles,4
ai art disney style,4
ai art drawing style,4
ai art generator anime style,5
ai art generator anime style free,6
ai art generator arcane style,5
ai art generator art style,5
ai art generator comic book style,6
ai art generator different styles,5
ai art generator disney style,5
ai art generator ghibli style online free,7
ai art generator in the style of,7
ai art generator like chatgpt,5
ai art generator like midjourney,5
ai art generator like midjourney free,6
ai art generator like pixai,5
ai art generator manga style,5
ai art generator sketch style,5
ai art generator style prompts,5
ai art generator style transfer,5
ai art generator with styles,5
ai art generators with style transfer,6
ai art genres and styles,5
ai art ghibli style free,5
ai art ghibli style generator,5
ai art ghibli style image,5
ai art ghibli style image free,6
ai art ghibli style image generator,6
ai art gta style,4
ai art hair styles,4
ai art in style of,5
ai art in the style of van gogh,8
ai art jojo style,4
ai art manga style,4
ai art manhwa style,4
ai art pixar style,4
ai art pokemon style,4
ai art prompts & style collection by sevenstyles,8
ai art sketch style,4
ai art steven zapata,4
ai art style,3
ai art style analysis,4
ai art style analyzer,4
ai art style anime,4
ai art style artist,4
ai art style called,4
ai art style cartoon,4
ai art style change,4
ai art style changer,4
ai art style changer free,5
ai art style chart,4
ai art style chatgpt,4
ai art style cheat sheet,5
ai art style comic,4
ai art style converter,4
ai art style copier,4
ai art style copy,4
ai art style creator,4
ai art style describer,4
ai art style description,4
ai art style detector,4
ai art style editor,4
ai art style examples,4
ai art style explorer,4
ai art style filter,4
ai art style finder,4
ai art style free,4
ai art style from image,5
ai art style generator,4
ai art style generator free,5
ai art style ghibli,4
ai art style guide,4
ai art style ideas,4
ai art style identifier,4
ai art style image,4
ai art style image generator,5
ai art style imitation,4
ai art style keywords,4
ai art style library,4
ai art style list,4
ai art style maker,4
ai art style matcher,4
ai art style meme,4
ai art style mimic,4
ai art style model,4
ai art style names,4
ai art style options,4
ai art style photo,4
ai art style prompts,4
ai art style prompts anime,5
ai art style prompts for characters,6
ai art style prompts generator,5
ai art style prompts reddit,5
ai art style recognition,4
ai art style recognizer,4
ai art style reddit,4
ai art style reference,4
ai art style replicator,4
ai art style search,4
ai art style suggestions,4
ai art style swap,4
ai art style tags,4
ai art style trainer,4
ai art style training,4
ai art style transfer,4
ai art style transfer free,5
ai art style transfer tool,5
ai art style trend,4
ai art style types,4
ai art style website,4
ai art styles,3
ai art styles explained,4
ai art styles for characters,5
ai art styles for chatgpt,5
ai art styles for people,5
ai art styles for photos,5
ai art styles for portraits,5
ai art styles for prompts,5
ai art styles like ghibli,5
ai art styles list,4
ai art styles list generator,5
ai art styles to try,5
ai art styles to use,5
ai art styles with chatgpt,5
ai art styles with examples,5
ai art van gogh style,5
ai art with style,4
ai artistic style transfer,4
ai bleach art style,4
ai change art style of image,6
ai copy art style free,5
ai copy art style generator,5
ai create image quotes,4
ai create image x,4
ai d art style,4
ai detect art style,4
ai digital art style,4
ai generate image expand,4
ai generate image extender,4
ai generate image of text,5
ai generate image on text,5
ai generate image quality,4
ai generate image to,4
ai generate image to 3d model,6
ai generate image to vector,5
ai generate image variations,4
ai generate melody,3
ai generated girl images,4
ai generated haiku,3
ai generated image is,4
ai generated image of a,5
ai generated image of donald trump,6
ai generated image of earth,5
ai generated image of jesus,5
ai generated image of jesus christ,6
ai generated image of jolene,5
ai generated image of julius caesar,6
ai generated image of karna,5
ai generated image of katy perry,6
ai generated image of king david,6
ai generated image of krishna,5
ai generated image of lebron james,6
ai generated image of lord krishna,6
ai generated image of lord shiva,6
ai generated image of michael jackson,6
ai generated image of pope trump,6
ai generated image of trump,5
ai generated image of virat kohli,6
ai generated image of xaden riorson,6
ai generated image of you,5
ai generated image qr code,5
ai generated image quality assessment,5
ai generated image quiz,4
ai generated image shroud of turin,6
ai generated images in adobe,5
ai generated images in video,5
ai generated images instagram trend,5
ai generated images of a boy,6
ai generated images of a car,6
ai generated images of a cat,6
ai generated images of a man,6
ai generated images of anime,5
ai generated images of baby,5
ai generated images of baby krishna,6
ai generated images of boy,5
ai generated images of buddha,5
ai generated images of cake,5
ai generated images of car,5
ai generated images of cat,5
ai generated images of christmas,5
ai generated images of couple,5
ai generated images of diwali,5
ai generated images of dog,5
ai generated images of dr babasaheb ambedkar,7
ai generated images of dubai,5
ai generated images of durga maa,6
ai generated images of elephant,5
ai generated images of girl,5
ai generated images of halloween,5
ai generated images of hanuman,5
ai generated images of hanuman ji,6
ai generated images of harry potter,6
ai generated images of human,5
ai generated images of indian queens,6
ai generated images of kalki,5
ai generated images of kerala,5
ai generated images of kings,5
ai generated images of kissing,5
ai generated images of kitchen,5
ai generated images of knights,5
ai generated images of krishna and arjuna,7
ai generated images of krishna and radha,7
ai generated images of krishna ji,6
ai generated images of kumbh mela,6
ai generated images of landscape,5
ai generated images of lion,5
ai generated images of little krishna,6
ai generated images of lord buddha,6
ai generated images of lord ganesha,6
ai generated images of lord hanuman,6
ai generated images of lord jagannath,6
ai generated images of lord ram,6
ai generated images of lord venkateswara,6
ai generated images of lord vishnu,6
ai generated images of love,5
ai generated images of maa durga,6
ai generated images of mahabharat,5
ai generated images of mahadev,5
ai generated images of male,5
ai generated images of men,5
ai generated images of naruto,5
ai generated images of nature,5
ai generated images of prabhas,5
ai generated images of product,5
ai generated images of rabbit,5
ai generated images of radha,5
ai generated images of radha krishna,6
ai generated images of radha rani,6
ai generated images of ram and sita,7
ai generated images of ramayana,5
ai generated images of ravana,5
ai generated images of robot,5
ai generated images of ronaldo,5
ai generated images of sai baba,6
ai generated images of shani dev,6
ai generated images of shiv parvati,6
ai generated images of shiva,5
ai generated images of shivaji maharaj,6
ai generated images of shree krishna,6
ai generated images of shree ram,6
ai generated images of shri ram,6
ai generated images of shri ram and sita,8
ai generated images of space,5
ai generated images of village,5
ai generated images of vishnu,5
ai generated images zoom out,5
ai generated jelly art style,5
ai generated kendrick,3
ai generated kendrick lamar,4
ai generated kendrick lamar song,5
ai generated king gizzard,4
ai generated love song,4
ai generated lyrics metal,4
ai generated photo quotes,4
ai generated pic of a girl,6
ai generated pic of boy,5
ai generated picture of a,5
ai generated pictures of people,5
ai generated realistic art style,5
ai generated tier list,4
ai generated x,3
ai generated xqc,3
ai generated zodiac signs,4
ai generator app like chatgpt,5
ai generator gacha,3
ai generator hands,3
ai generator how it works,5
ai generator image chat gpt,5
ai generator image free google,5
ai generator image ghibli,4
ai generator image gif,4
ai generator image github,4
ai generator image good,4
ai generator image gpt,4
ai generator image grok,4
ai generator image hd,4
ai generator image hd free,5
ai generator image headshot,4
ai generator image horror,4
ai generator image hotpot,4
ai generator image hug,4
ai generator image like chatgpt,5
ai generator image of people,5
ai generator image to video online free,7
ai generator like bing,4
ai generator like chatgpt,4
ai generator like chatgpt free,5
ai generator like civitai,4
ai generator like gemini,4
ai generator like grok,4
ai generator like human,4
ai generator like ideogram,4
ai generator like leonardo,4
ai generator like midjourney,4
ai generator like perchance,4
ai generator like pixai,4
ai generator like pixverse,4
ai generator like playground,4
ai generator like seaart,4
ai generator like sora,4
ai generator like tensor art,5
ai generator link,3
ai generator list,3
ai generator look alike,4
ai generator pick up lines,5
ai generator plot,3
ai generator slime,3
ai generator song,3
ai generator song lyrics,4
ai generators like chat gpt,5
ai generators like midjourney,4
ai hair color style art change,6
ai hoshino art style,4
ai image art style changer,5
ai image art style converter,5
ai image art style prompts,5
ai image creator for kids,5
ai image creator for website,5
ai image creator online for free,6
ai image generator for a story,6
ai image generator for ads,5
ai image generator for album art,6
ai image generator for album cover,6
ai image generator for amazon listing,6
ai image generator for amd,5
ai image generator for amd gpu,6
ai image generator for android,5
ai image generator for android free,6
ai image generator for anime,5
ai image generator for anime characters,6
ai image generator for apple,5
ai image generator for architecture,5
ai image generator for architecture free,6
ai image generator for artists,5
ai image generator for baby,5
ai image generator for backyard design,6
ai image generator for beginners,5
ai image generator for biology,5
ai image generator for birthday,5
ai image generator for birthday invitation,6
ai image generator for book characters,6
ai image generator for book cover,6
ai image generator for book illustrations,6
ai image generator for books,5
ai image generator for boy,5
ai image generator for building design,6
ai image generator for business,5
ai image generator for business logo,6
ai image generator for business profile,6
ai image generator for cars,5
ai image generator for cartoon characters,6
ai image generator for celebrities,5
ai image generator for character design,6
ai image generator for characters,5
ai image generator for children's books,6
ai image generator for christmas,5
ai image generator for christmas free,6
ai image generator for clothes,5
ai image generator for clothing brand,6
ai image generator for coloring book,6
ai image generator for coloring pages,6
ai image generator for commercial use,6
ai image generator for commercial use free,7
ai image generator for couple,5
ai image generator for cricut,5
ai image generator for dating apps,6
ai image generator for dead person,6
ai image generator for dead person online free,8
ai image generator for dead person prompt,7
ai image generator for dead person prompt free,8
ai image generator for decor,5
ai image generator for designers,5
ai image generator for diagrams,5
ai image generator for discord,5
ai image generator for diwali,5
ai image generator for dnd,5
ai image generator for dnd character,6
ai image generator for documents,5
ai image generator for dogs,5
ai image generator for ecommerce,5
ai image generator for ecommerce products,6
ai image generator for education,5
ai image generator for elevation,5
ai image generator for elf on the shelf,8
ai image generator for email signature,6
ai image generator for embroidery,5
ai image generator for engineering,5
ai image generator for etsy,5
ai image generator for events,5
ai image generator for existing characters,6
ai image generator for existing images,6
ai image generator for exterior design,6
ai image generator for exterior home design,7
ai image generator for exterior house design free,8
ai image generator for facebook cover photo,7
ai image generator for family,5
ai image generator for fantasy characters,6
ai image generator for fashion design,6
ai image generator for floor plan,6
ai image generator for free,5
ai image generator for free no login,7
ai image generator for free no restrictions,7
ai image generator for free no sign in,8
ai image generator for free no sign up,8
ai image generator for free online,6
ai image generator for free reddit,6
ai image generator for free unlimited,6
ai image generator for free use,6
ai image generator for free without login,7
ai image generator for free without sign up,8
ai image generator for future baby,6
ai image generator for game assets,6
ai image generator for games,5
ai image generator for garden design,6
ai image generator for garments,5
ai image generator for gemini,5
ai image generator for ghibli,5
ai image generator for ghibli style,6
ai image generator for gimp,5
ai image generator for girls,5
ai image generator for god,5
ai image generator for google,5
ai image generator for graphic design,6
ai image generator for hair color,6
ai image generator for haircut,5
ai image generator for hairstyles,5
ai image generator for halloween,5
ai image generator for headshots,5
ai image generator for headshots free,6
ai image generator for home decor,6
ai image generator for home design,6
ai image generator for home design free,7
ai image generator for homework,5
ai image generator for horror,5
ai image generator for house design,6
ai image generator for house design free,7
ai image generator for house paint,6
ai image generator for house renovation,6
ai image generator for ideas,5
ai image generator for illustrations,5
ai image generator for image,5
ai image generator for infographics,5
ai image generator for instagram,5
ai image generator for instagram post,6
ai image generator for instagram profile,6
ai image generator for interior design,6
ai image generator for interior design free,7
ai image generator for invitations,5
ai image generator for ios,5
ai image generator for ipad,5
ai image generator for iphone,5
ai image generator for iphone free,6
ai image generator for italian brainrot,6
ai image generator for janitor ai,6
ai image generator for jewelry,5
ai image generator for job,5
ai image generator for kids,5
ai image generator for kids book,6
ai image generator for kids free,6
ai image generator for kids story book,7
ai image generator for kiss,5
ai image generator for kitchen,5
ai image generator for kitchen design,6
ai image generator for kitchen design free,7
ai image generator for kitchen remodel,6
ai image generator for krita,5
ai image generator for landscape design,6
ai image generator for landscaping,5
ai image generator for laser engraving,6
ai image generator for linkedin,5
ai image generator for linkedin background,6
ai image generator for linkedin banner,6
ai image generator for linkedin free,6
ai image generator for linkedin post,6
ai image generator for linkedin profile,6
ai image generator for linkedin profile free,7
ai image generator for linux,5
ai image generator for living room,6
ai image generator for logo,5
ai image generator for logo design,6
ai image generator for logos free,6
ai image generator for mac,5
ai image generator for mac os,6
ai image generator for macbook,5
ai image generator for manga,5
ai image generator for maps,5
ai image generator for marketing,5
ai image generator for marketing free,6
ai image generator for math,5
ai image generator for medical students,6
ai image generator for memes,5
ai image generator for men,5
ai image generator for minecraft,5
ai image generator for mobile,5
ai image generator for models,5
ai image generator for music,5
ai image generator for my face,6
ai image generator for ocs,5
ai image generator for of,5
ai image generator for office,5
ai image generator for pc,5
ai image generator for people,5
ai image generator for photos,5
ai image generator for pictures,5
ai image generator for pokemon,5
ai image generator for poster,5
ai image generator for powerpoint,5
ai image generator for presentations,5
ai image generator for print on demand,7
ai image generator for product photos,6
ai image generator for products,5
ai image generator for professional headshots,6
ai image generator for professional headshots free,7
ai image generator for profile picture,6
ai image generator for prompt,5
ai image generator for quotes,5
ai image generator for real estate,6
ai image generator for real people,6
ai image generator for realistic images,6
ai image generator for realistic people,6
ai image generator for remodeling,5
ai image generator for renovations,5
ai image generator for research,5
ai image generator for research paper,6
ai image generator for restaurant,5
ai image generator for resume,5
ai image generator for resume free,6
ai image generator for roblox,5
ai image generator for room design,6
ai image generator for rooms,5
ai image generator for rpg characters,6
ai image generator for samsung,5
ai image generator for school,5
ai image generator for science,5
ai image generator for scientific figures,6
ai image generator for scientific paper,6
ai image generator for selling products,6
ai image generator for sensitive content,6
ai image generator for shirt design,6
ai image generator for social media,6
ai image generator for social media posts,7
ai image generator for stories,5
ai image generator for storybook,5
ai image generator for storytelling,5
ai image generator for students,5
ai image generator for t shirt,6
ai image generator for t shirt design,7
ai image generator for tattoo ideas,6
ai image generator for tattoos,5
ai image generator for teachers,5
ai image generator for technical drawing,6
ai image generator for telegram,5
ai image generator for text,5
ai image generator for text free,6
ai image generator for thumbnails,5
ai image generator for tiktok,5
ai image generator for trump,5
ai image generator for twitter,5
ai image generator for ubuntu,5
ai image generator for ui,5
ai image generator for ui design,6
ai image generator for valentine's day,6
ai image generator for vector,5
ai image generator for vector art,6
ai image generator for vehicles,5
ai image generator for video,5
ai image generator for video free,6
ai image generator for video games,6
ai image generator for vision board,6
ai image generator for wallpaper,5
ai image generator for website,5
ai image generator for website design,6
ai image generator for website free,6
ai image generator for wedding,5
ai image generator for whatsapp,5
ai image generator for windows,5
ai image generator for women,5
ai image generator for words,5
ai image generator for your face,6
ai image generator for youtube,5
ai image generator for youtube banner,6
ai image generator for youtube channel,6
ai image generator for youtube free,6
ai image generator for youtube logo,6
ai image generator for youtube profile,6
ai image generator for youtube shorts,6
ai image generator for youtube thumbnail,6
ai image generator for youtube thumbnail free,7
ai image generator for youtube video,6
ai image generator from tiktok,5
ai image generator jailbreak,4
ai image generator janus,4
ai image generator janus pro,5
ai image generator japanese,4
ai image generator japanese style,5
ai image generator javascript,4
ai image generator jesus,4
ai image generator journey,4
ai image generator jpg,4
ai image generator like adobe firefly,6
ai image generator like anime,5
ai image generator like artbreeder,5
ai image generator like artlist,5
ai image generator like chatgpt,5
ai image generator like gemini,5
ai image generator like grok,5
ai image generator like midjourney,5
ai image generator like tensor art,6
ai image generator of god,5
ai image generator online,4
ai image generator online for free,6
ai image generator online free no sign up,8
ai image generator openai,4
ai image generator prompt for gemini,6
ai image generator q,4
ai image generator qr code,5
ai image generator quality,4
ai image generator quality free,5
ai image generator queen,4
ai image generator questions,4
ai image generator quick,4
ai image generator quick free,5
ai image generator quillbot,4
ai image generator quiz,4
ai image generator quora,4
ai image generator quotes free,5
ai image generator qwen,4
ai image generator safe for kids,6
ai image generator similar to another image,7
ai image generator similar to image,6
ai image generator tool for free,6
ai image generator unblocked,4
ai image generator unfiltered,4
ai image generator unlimited,4
ai image generator unlimited for free,6
ai image generator upload,4
ai image generator using photos,5
ai image generator using prompt,5
ai image generator z,4
ai image generator zapier,4
ai image generator zedge,4
ai image generator zero restrictions,5
ai image generator zimage,4
ai image generator zmo,4
ai image generator zombie,4
ai image generator zoo,4
ai image generator zoom out,5
ai jelly art style,4
ai learn art style,4
ai like chai,3
ai like chatgpt,3
ai like chatgpt free,4
ai like gpt chat,4
ai like gpt free,4
ai like human,3
ai like midjourney,3
ai line art style,4
ai logo generator like ideogram,5
ai make image quality,4
ai match art style,4
ai moe art style,4
ai music generator how it works,6
ai music generator like artist,5
ai music generator like audio,5
ai one piece art style,5
ai photo editor art style,5
ai photo editor ghibli art style,6
ai photo generator for girl,5
ai photo generator for group,5
ai photo generator for office,5
ai photo generator for tinder,5
ai photo generator for video,5
ai photo generator for work,5
ai photo generator for work free,6
ai photo generator for you,5
ai photo generator for youtube,5
ai photo generator online for free,6
ai picture generator for job,5
ai picture generator for kids,5
ai picture generator for office,5
ai picture generator for work,5
ai picture generator online for free,6
ai recreate art style,4
ai slop art style,4
ai stole my art style,5
ai studio ghibli art style,5
ai studio ghibli art style generator,6
ai text generator like chat gpt,6
ai that can replicate art style,6
ai vector art style,4
ai video art style changer,5
ai video generator how it works,6
ai video generator like hailuo,5
ai video generator like invideo,5
ai video generator like invideo free,6
ai video generator like kling,5
ai video generator similar to invideo,6
ai video maker like invideo,5
ai voice generator like human,5
ai voice generator like my voice,6
ai weiwei art style,4
ai weiwei style of art,5
ai words to image,4
ai yazawa art style,4
all ai art style,4
anti-ai art style,3
art style identifier ai free,5
artificial intelligence acronym generator,4
artificial intelligence names generator,4
baki art style ai,4
balecxi ai art style,4
bandai style ai art,4
berserk art style ai,4
best ai art style,4
best ai art style prompts,5
best ai image generator for jewelry,6
best ai image generator for jewelry design,7
best ai image generator for kids,6
best ai image generator for kids books,7
best ai image generator for quotes,6
best ai image generator for ui,6
best ai image generator for ui design,7
best ai image generator for vector,6
best ai image generator for vector art,7
best ai image generator for video,6
best ai image generator for video games,7
best ai image generator for youtube thumbnails,7
bing ai art style,4
bing ai art style prompts,5
bleach art style ai generator,5
boondocks art style ai,4
can we make an ai like jarvis,7
change art style with ai,5
change image art style with ai,6
change photo into qr code,5
change photo into youtube banner,5
comic art ai anime style,5
convert photo into qr,4
convert photo into qr code,5
convert photo into ultra hd,5
convert photo into under 500kb,5
convert photo into url,4
convert photo into xerox,4
convert photo into xls,4
convert photo into xml,4
convert photo into youtube banner,5
convert photo into youtube banner size,6
convert photo into youtube logo,5
convert photo into zip file,5
copy art style with ai,5
create ai image editor,4
create ai image enhancer,4
create ai image gemini,4
create ai image ghibli,4
create ai image hd,4
create ai image in canva,5
create ai image in chatgpt,5
create ai image in gemini,5
create ai image instagram,4
create ai image no filter,5
create ai image no login,5
create ai image no sign up,6
create ai image of,4
create ai image of a photo,6
create ai image of character,5
create ai image of me,5
create ai image of me free,6
create ai image of my dog,6
create ai image of my face,6
create ai image of my photo,6
create ai image of myself,5
create ai image of photo,5
create ai image of real person,6
create ai image of text,5
create ai image of you,5
create ai image of yourself,5
create ai image of yourself free,6
create ai image of yourself in various styles,8
create ai image online,4
create ai image online free,5
create ai image quick,4
create ai image to video,5
create ai image upload,4
create ai image using chatgpt,5
create ai image using gemini,5
create ai image using my face,6
create ai image using prompt,5
create ai image using prompt free,6
create ai image using text,5
create ai image variations,4
create ai image video,4
create ai image video free,5
create ai image video maker,5
create ai image with canva,5
create ai image with gemini,5
create ai image with prompt,5
create ai image with text,5
create ai images in google,5
create ai images iphone,4
create ai images of celebrities,5
create ai images of product,5
create ai images of yourself free online,7
create ai images of yourself reddit,6
create ai photo of couple,5
create ai photo of family,5
creating ai images of people,5
danganronpa ai art style,4
different ai art style names,5
different ai art style prompts,5
evangelion art style ai,4
examples of ai art,4
fotor ai art style transfer,5
free ai video generator like kling,6
generate ai image and video,5
generate ai image background,4
generate ai image based on photo,6
generate ai image based on text,6
generate ai image best,4
generate ai image bing,4
generate ai image by photo,5
generate ai image by prompt,5
generate ai image by text,5
generate ai image by text free,6
generate ai image canva,4
generate ai image cartoon,4
generate ai image character,4
generate ai image chat,4
generate ai image dall e,5
generate ai image deepseek,4
generate ai image description,4
generate ai image design,4
generate ai image discord,4
generate ai image drawing,4
generate ai image editor,4
generate ai image explicit,4
generate ai image fill,4
generate ai image free,4
generate ai image free no login,6
generate ai image free no registration,6
generate ai image from,4
generate ai image from another,5
generate ai image from image,5
generate ai image from jpg,5
generate ai image from photo free,6
generate ai image from text,5
generate ai image from text free,6
generate ai image from video,5
generate ai image gemini,4
generate ai image high quality,5
generate ai image in canva,5
generate ai image into video,5
generate ai image locally,4
generate ai image logo,4
generate ai image microsoft,4
generate ai image no filter,5
generate ai image no limit,5
generate ai image no login,5
generate ai image no login free,6
generate ai image no restrictions,5
generate ai image no sign up,6
generate ai image of a photo,6
generate ai image of me,5
generate ai image of myself,5
generate ai image of photo,5
generate ai image of yourself,5
generate ai image of yourself free,6
generate ai image on canva,5
generate ai image on photoshop,5
generate ai image on prompt,5
generate ai image online,4
generate ai image online free,5
generate ai image prompt,4
generate ai image real,4
generate ai image realistic,4
generate ai image reddit,4
generate ai image reference,4
generate ai image samsung,4
generate ai image sora,4
generate ai image story,4
generate ai image to cartoon,5
generate ai image to video,5
generate ai image to video free,6
generate ai image to video free online,7
generate ai image tool,4
generate ai image unlimited,4
generate ai image upload,4
generate ai image upload photo,5
generate ai image using prompt,5
generate ai image using text,5
generate ai image vector,4
generate ai image video,4
generate ai image video free,5
generate ai image with,4
generate ai image with canva,5
generate ai image with gemini,5
generate ai image with google,5
generate ai image with prompt,5
generate ai image with text,5
generate ai image with text free,6
generate ai images app,4
generate ai images app free,5
generate ai images based on description,6
generate ai images chatgpt,4
generate ai images for website,5
generate ai images free best,5
generate ai images free no sign up,7
generate ai images free online,5
generate ai images free website,5
generate ai images from images,5
generate ai images from prompts,5
generate ai images high quality free,6
generate ai images how,4
generate ai images in free,5
generate ai images in gemini,5
generate ai images in photoshop,5
generate ai images locally,4
generate ai images nano banana,5
generate ai images of celebrities,5
generate ai images of my face,6
generate ai images of real people,6
generate ai images of yourself reddit,6
generate ai images on google,5
generate ai images on instagram,5
generate ai images on iphone,5
generate ai images on samsung,5
generate ai images on whatsapp,5
generate ai images photoshop,4
generate ai images quick,4
generate ai images unlimited free,5
generate ai images using chatgpt,5
generate ai images website,4
generate ai images with chatgpt,5
generate ai images with model,5
generate ai images with quotes,5
generate ai images without login,5
generate ai images x,4
generate ai photo of me,5
generate ai photo of yourself,5
generate ai photo of yourself free,6
generate ai photo to video free,6
generate ai photo upload,4
generate ai pictures of myself,5
generate ai pictures of yourself,5
generate image ai deep,4
generate image from text ai,5
generate image openai,3
generated ai image detector,4
generator ai image generator,4
generator ai image google,4
ghibli art style ai free online,6
ghibli art style ai reddit,5
ghibli art style by ai,5
ghibli art style open ai,5
ghibli style art using ai,5
ghibli style art with ai,5
ghibli-style ai art using chatgpt image-generation,6
hades art style ai,4
hanuman ji ai generated images,5
helltaker ai art style,4
horikoshi art style ai,4
how does ai art work,5
how is ai art made,5
how to copy ai art style,6
how to describe ai art style,6
how to draw ai art style,6
how to generate ai faces,5
how to generate ai images of existing characters,8
how to generate images with ai,6
how to identify ai art style,6
how to make ai art style,6
how to make an ai image generator,7
how to train ai art style,6
hoyoverse art style ai,4
hsr art style ai,4
is ai art really art,5
janitor ai art style,4
japanese ai art style,4
jelly art style ai free,5
jelly art style ai online,5
jjba art style ai,4
jjk art style ai,4
jojo art style ai generator,5
kjech art style ai,4
kny art style ai,4
kooleen art style ai,4
kubo art style ai,4
kurzgesagt art style ai,4
lewis_ai_art style illustrious,3
lookism art style ai,4
lottie art style ai,4
make ai image edit,4
make ai image editor,4
make ai image hd,4
make ai image into video,5
make ai image of an image,6
make ai image of my dog,6
make ai image of someone,5
make ai image of two people,6
make ai image of yourself,5
make ai image online,4
make ai image to video free,6
make ai image undetectable,4
make ai image video,4
make ai images of celebrities,5
make ai images of people,5
make ai images of your friends,6
make image zoom out ai,5
make photo into url,4
make photo into youtube banner,5
marvel rivals ai art style,5
mha ai art style,4
midjourney ai art style,4
midjourney ai art style prompts,5
my art style looks like ai,6
novel ai art style prompts,5
novel ai art style tags,5
novel ai art styles reddit,5
old ai art style,4
open art ai style transfer,5
openai art style,3
rangrarii art style ai,4
realistic ai art style,4
replicate art style with ai,5
roblox art style ai,4
shounen ai art style,4
sora ai art style,4
text generator like inferkit,4
the ai image generator for video creators,7
turn image into qr,4
turn image into quote,4
turn image into ugly sweater,5
turn image into ultra hd,5
turn image into undertale sprite,5
turn image into unicode,4
turn image into url,4
turn image into url link,5
turn image into x ray,5
turn image into xbox pfp,5
turn image into xerox,4
turn image into xml,4
turn image into youtube banner,5
turn image into youtube thumbnail,5
turn image into youtube thumbnail size,6
turn image into zip,4
turn image into zip file,5
turn images into quiz,4
turn off picture in zoom,5
turn photo into 0.5 x,5
turn photo into 1024 x 576 pixels,7
turn photo into 2 x 2,6
turn photo into 3000 x 3000,6
turn photo into 4 x 6,6
turn photo into a cartoon,5
turn photo into a coloring page,6
turn photo into a drawing,5
turn photo into a painting,5
turn photo into a puzzle,5
turn photo into a sketch,5
turn photo into ai,4
turn photo into ai art,5
turn photo into ai video,5
turn photo into album cover,5
turn photo into anime,4
turn photo into anime ai,5
turn photo into anime free,5
turn photo into art,4
turn photo into art print,5
turn photo into baby,4
turn photo into background,4
turn photo into banner,4
turn photo into baseball card,5
turn photo into bitmoji,4
turn photo into black and white,6
turn photo into black and white drawing,7
turn photo into black and white line drawing,8
turn photo into black and white outline,7
turn photo into black and white sketch,7
turn photo into black outline,5
turn photo into blanket,4
turn photo into bookmark,4
turn photo into boomerang,4
turn photo into business headshot,5
turn photo into canvas,4
turn photo into canvas painting,5
turn photo into canvas print,5
turn photo into caricature,4
turn photo into cartoon,4
turn photo into cartoon ai,5
turn photo into cartoon free,5
turn photo into cartoon online free,6
turn photo into christmas card,5
turn photo into christmas ornament,5
turn photo into christmas photo,5
turn photo into clipart,4
turn photo into coloring page,5
turn photo into coloring page free,6
turn photo into cross stitch pattern,6
turn photo into decal,4
turn photo into diamond art,5
turn photo into diamond painting,5
turn photo into digital,4
turn photo into digital art,5
turn photo into disney cartoon,5
turn photo into disney character,5
turn photo into document,4
turn photo into document iphone,5
turn photo into doodle,4
turn photo into dots,4
turn photo into dragon ball z character,7
turn photo into drawing,4
turn photo into drawing free,5
turn photo into drawing online free,6
turn photo into drawing photoshop,5
turn photo into editable pdf,5
turn photo into elf,4
turn photo into elf free,5
turn photo into embroidery,4
turn photo into embroidery file,5
turn photo into embroidery pattern,5
turn photo into embroidery pattern app,6
turn photo into embroidery pattern free,6
turn photo into emoji,4
turn photo into emoji android,5
turn photo into emoji iphone,5
turn photo into engraving,4
turn photo into etching,4
turn photo into etching photoshop,5
turn photo into excel sheet,5
turn photo into facebook cover,5
turn photo into facebook profile,5
turn photo into faceless portrait,5
turn photo into fairy,4
turn photo into fantasy art,5
turn photo into figurine,4
turn photo into file,4
turn photo into fisheye,4
turn photo into flat illustration,5
turn photo into font,4
turn photo into framed canvas,5
turn photo into framed print,5
turn photo into funko pop,5
turn photo into funny cartoon,5
turn photo into funny video,5
turn photo into ghibli style,5
turn photo into gif,4
turn photo into gif ai,5
turn photo into gif free,5
turn photo into gif iphone,5
turn photo into gift,4
turn photo into glass art,5
turn photo into gnome,4
turn photo into graphic,4
turn photo into graphic art,5
turn photo into grayscale,4
turn photo into grid,4
turn photo into grid pattern,5
turn photo into grinch,4
turn photo into gta style,5
turn photo into halloween,4
turn photo into hand drawn sketch,6
turn photo into hand embroidery pattern,6
turn photo into hd,4
turn photo into hd free,5
turn photo into hd quality,5
turn photo into headshot,4
turn photo into headshot free,5
turn photo into headshot free online,6
turn photo into heart,4
turn photo into heart shape,5
turn photo into high resolution,5
turn photo into high resolution free,6
turn photo into holiday card,5
turn photo into hulk,4
turn photo into icon,4
turn photo into illustration,4
turn photo into illustration adobe,5
turn photo into illustration canva,5
turn photo into illustration free,5
turn photo into illustration online free,6
turn photo into illustration photoshop,5
turn photo into imessage sticker,5
turn photo into impressionist painting,5
turn photo into ink drawing,5
turn photo into instagram story size,6
turn photo into iphone sticker,5
turn photo into iphone wallpaper,5
turn photo into iphone wallpaper size,6
turn photo into iron on transfer,6
turn photo into jack o lantern,6
turn photo into jigsaw,4
turn photo into jigsaw puzzle,5
turn photo into jigsaw puzzle online,6
turn photo into jojo style,5
turn photo into jpeg,4
turn photo into jpeg format,5
turn photo into jpeg free,5
turn photo into jpeg on iphone,6
turn photo into jpg,4
turn photo into jpg file,5
turn photo into jpg free,5
turn photo into jpg iphone,5
turn photo into kaleidoscope,4
turn photo into kawaii,4
turn photo into kb,4
turn photo into keychain,4
turn photo into keyring,4
turn photo into kids coloring page,6
turn photo into kids drawing,5
turn photo into king,4
turn photo into kissing,4
turn photo into kissing ai,5
turn photo into kissing video,5
turn photo into kissing video free,6
turn photo into knitting pattern,5
turn photo into kpop demon hunters,6
turn photo into krishna,4
turn photo into landscape,4
turn photo into lego,4
turn photo into lego picture,5
turn photo into line art,5
turn photo into line art online free,7
turn photo into line drawing,5
turn photo into line drawing canva,6
turn photo into line drawing free,6
turn photo into line drawing illustrator,6
turn photo into line drawing online free,7
turn photo into line drawing photoshop,6
turn photo into link,4
turn photo into linocut photoshop,5
turn photo into live photo,5
turn photo into logo,4
turn photo into magazine cover,5
turn photo into magnet,4
turn photo into manga,4
turn photo into meme,4
turn photo into minecraft pixel art,6
turn photo into minecraft skin,5
turn photo into minimalist line art,6
turn photo into mosaic,4
turn photo into movie,4
turn photo into movie poster,5
turn photo into moving image,5
turn photo into moving video,5
turn photo into mp4,4
turn photo into mugshot,4
turn photo into music video,5
turn photo into national park poster,6
turn photo into needlepoint pattern,5
turn photo into negative,4
turn photo into negative iphone,5
turn photo into negative online,5
turn photo into negative online free,6
turn photo into newspaper,4
turn photo into night,4
turn photo into night vision,5
turn photo into norman rockwell,5
turn photo into norman rockwell painting,6
turn photo into norman rockwell picture,6
turn photo into notes,4
turn photo into notes iphone,5
turn photo into number painting,5
turn photo into obama,4
turn photo into oil painting,5
turn photo into oil painting free,6
turn photo into oil painting online,6
turn photo into oil painting online free,7
turn photo into old painting,5
turn photo into old person,5
turn photo into old photo,5
turn photo into one line drawing,6
turn photo into ornament,4
turn photo into outline,4
turn photo into outline drawing,5
turn photo into outline drawing online free,7
turn photo into outline free,5
turn photo into outline sketch,5
turn photo into paint by number,6
turn photo into paint by number free,7
turn photo into painting,4
turn photo into painting free,5
turn photo into passport photo,5
turn photo into pdf,4
turn photo into pdf free,5
turn photo into pdf iphone,5
turn photo into pencil sketch,5
turn photo into pixel art,5
turn photo into png,4
turn photo into polaroid,4
turn photo into poster,4
turn photo into professional headshot,5
turn photo into puzzle,4
turn photo into qr code,5
turn photo into qr code free,6
turn photo into queen,4
turn photo into quilt,4
turn photo into quilt pattern,5
turn photo into quiz,4
turn photo into rap album cover,6
turn photo into real life,5
turn photo into realistic,4
turn photo into realistic ai,5
turn photo into realistic drawing,5
turn photo into realistic painting,5
turn photo into reel,4
turn photo into renaissance painting,5
turn photo into renaissance painting free,6
turn photo into repeating pattern,5
turn photo into retro poster,5
turn photo into roblox character,5
turn photo into rockwell painting,5
turn photo into round shape,5
turn photo into royal portrait,5
turn photo into scan,4
turn photo into scanned document,5
turn photo into shirt,4
turn photo into silhouette,4
turn photo into silhouette canva,5
turn photo into simpsons,4
turn photo into sketch,4
turn photo into sketch free,5
turn photo into sketch online free,6
turn photo into stained glass,5
turn photo into stencil,4
turn photo into sticker,4
turn photo into sticker iphone,5
turn photo into stl,4
turn photo into svg,4
turn photo into svg free,5
turn photo into tattoo,4
turn photo into tattoo sketch,5
turn photo into tattoo stencil,5
turn photo into text,4
turn photo into text art,5
turn photo into text free,5
turn photo into the grinch,5
turn photo into thumbnail,4
turn photo into tim burton,5
turn photo into tim burton style,6
turn photo into tintype,4
turn photo into trading card,5
turn photo into transparent background,5
turn photo into twitter header,5
turn photo into ultra hd,5
turn photo into url,4
turn photo into url free,5
turn photo into url link,5
turn photo into van gogh painting,6
turn photo into vector,4
turn photo into vector art,5
turn photo into vector free,5
turn photo into video,4
turn photo into video ai,5
turn photo into video ai free,6
turn photo into video app,5
turn photo into video free,5
turn photo into video game character free,7
turn photo into viking,4
turn photo into viking portrait,5
turn photo into vintage,4
turn photo into vintage illustration,5
turn photo into vintage painting,5
turn photo into wall art,5
turn photo into wallpaper,4
turn photo into watercolor,4
turn photo into watercolor ai,5
turn photo into watercolor art,5
turn photo into watercolor canva,5
turn photo into watercolor free,5
turn photo into watercolor online free,6
turn photo into watercolor painting,5
turn photo into watercolor painting free,6
turn photo into watercolor photoshop,5
turn photo into wood carving,5
turn photo into word document,5
turn photo into words,4
turn photo into wrapping paper,5
turn photo into xmas card,5
turn photo into xray,4
turn photo into youtube banner,5
turn photo into youtube banner size,6
turn photo into youtube thumbnail,5
turn photo into zip,4
turn photo into zombie,4
turn photo into zombie free,5
turn photo into zoom video,5
turn photo into.dragon.ball z,4
turn photos into a zip file on ios,8
turn photos into quick video,5
turn photos into zip file,5
turn photos into zip file iphone,6
turn picture into queen,4
turn picture into xmas card,5
turn pictures into quilt squares,5
turn ultrasound into photo,4
turn your photo into a cartoon,6
turn your photo into a painting,6
turn your photo into anime,5
turn your photo into ghibli,5
turn your picture into zombie,5
type of ai art style,5
valorant art style ai,4
viral ai art style,4
vivinos art style ai,4
vivziepop art style ai,4
webtoon art style ai,4
what ai art style is this,6
what art style does ai use,6
what is ai art,4
what is ai art style called,6
what is ai artwork,4
what is ai generated,4
where does the ai art style come from,8
x ai ghibli art style,5
x.ai alternative,2
youtube ai image generator,4
yugioh art style ai,4
zun art style ai,4
